<?xml version="1.0" encoding="UTF-8"?>
<!DOCTYPE mapper PUBLIC "-//mybatis.org//DTD Mapper 3.0//EN" "http://mybatis.org/dtd/mybatis-3-mapper.dtd">
<mapper namespace="com.campfire.mapper.ReviewBoardMapper">
		<sql id="criteria">
		<if test="type != null and keyword != null">
			<trim prefix="(" suffix=") AND" prefixOverrides="OR">
				<foreach item="type" collection="typeList">
					<trim prefix="OR">
						<choose>
							<when test="type=='T'.toString()">
								(TITLE LIKE '%'||#{keyword}||'%')
							</when>
							<when test="type=='C'.toString()">
								(CONTENT LIKE '%'||#{keyword}||'%')
							</when>
							<when test="type=='W'.toString()">
								(WRITER LIKE '%'||#{keyword}||'%')
							</when>
						</choose>
					</trim>
				</foreach>
			</trim>
		</if>
	</sql>


	<select id="selectBoardList" resultType="com.campfire.domain.reviewBoard.ReviewBoardVO">
		SELECT BNO, TITLE, CONTENT, WRITER, REGDATE, UPDATEDATE, LIKECNT, READCNT, REPLYCNT
		FROM (
			SELECT /*+ INDEX_DESC(TBL_REVIEW_BOARD PK_REVIEW_BOARD) */ ROWNUM rn, BNO, TITLE, CONTENT, WRITER, REGDATE, UPDATEDATE, LIKECNT, READCNT, REPLYCNT
			FROM TBL_REVIEW_BOARD
			WHERE
			<include refid="criteria"/>
			<![CDATA[
				ROWNUM <= #{pageNum} * #{amount}
			)
		WHERE rn > ((#{pageNum} - 1) * #{amount})
			]]>
	</select>
	
	<select id="getTotal" resultType="_int">
		SELECT COUNT(BNO) FROM TBL_REVIEW_BOARD 
	<where>
		<trim suffixOverrides="AND">
	        <include refid="criteria"></include>
		</trim>
	</where>
	</select>
	
	<insert id="insertBoard">
		<selectKey keyProperty="bno" order="BEFORE" resultType="long">
			SELECT SEQ_REVIEW_BOARD.NEXTVAL FROM DUAL 
		</selectKey>
		INSERT INTO TBL_REVIEW_BOARD (BNO, TITLE, CONTENT, WRITER, ZIPCODE, ADDRESS, ADDRESS_DETAIL, ADDRESS_ETC, STAR) 
		VALUES (#{bno}, #{title}, #{content}, #{writer}, #{zipcode}, #{address}, #{addressDetail}, #{addressEtc}, #{star})
	</insert>
	
	<select id="selectBoard" resultType="com.campfire.domain.reviewBoard.ReviewBoardVO">
		SELECT BNO, TITLE, CONTENT, WRITER, TO_CHAR(REGDATE, 'YYYY-MM-DD') as REGDATE, TO_CHAR(UPDATEDATE, 'YYYY-MM-DD') as UPDATEDATE, LIKECNT, READCNT, REPLYCNT
		FROM TBL_REVIEW_BOARD
		WHERE BNO = #{bno}
	</select>
	
	<update id="updateBoard">
		UPDATE TBL_REVIEW_BOARD
		SET TITLE = #{title}, CONTENT = #{content}, UPDATEDATE = SYSDATE
		WHERE BNO = #{bno}
	</update>
	
	<delete id="deleteBoard">
		DELETE TBL_REVIEW_BOARD
		WHERE BNO = #{bno}
	</delete>
	
	<update id="updateReadCnt">
		UPDATE TBL_REVIEW_BOARD
		SET READCNT = READCNT + 1
		WHERE BNO = #{bno}
	</update>
	
	<update id="updateReplyCnt">
		UPDATE TBL_REVIEW_BOARD
		SET REPLYCNT = REPLYCNT + #{amount}
		WHERE BNO = #{bno}
	</update>
	
	<update id="updateLikeCnt">
		UPDATE TBL_REVIEW_BOARD
		SET LIKECNT = LIKECNT + #{amount}
		WHERE BNO = #{bno}
	</update>
	
	<insert id="insertLike">
		INSERT INTO TBL_REVIEW_LIKE (BNO, USERID) 
		VALUES (#{bno}, #{userId})
	</insert>
	
	<select id="checkLike" resultType="_int">
		SELECT COUNT(BNO) 
		FROM TBL_REVIEW_LIKE 
		WHERE BNO = #{bno} AND USERID = #{userId} 
	</select>
	
	<delete id="deleteLike">
		DELETE TBL_REVIEW_LIKE 
		WHERE BNO = #{bno} AND USERID = #{userId}
	</delete>
	
	<update id="plusLikeCnt">
		UPDATE TBL_REVIEW_BOARD 
		SET LIKECNT = LIKECNT + 1 
		WHERE BNO = #{bno}
	</update>
	
	<update id="minusLikeCnt">
		UPDATE TBL_REVIEW_BOARD 
		SET LIKECNT = LIKECNT - 1 
		WHERE BNO = #{bno}
	</update>
	
	<select id="getLikeCnt" resultType="_int">
		SELECT LIKECNT FROM TBL_REVIEW_BOARD WHERE BNO = #{bno}
	</select>
</mapper>