<?xml version="1.0" encoding="UTF-8"?>
<!DOCTYPE mapper PUBLIC "-//mybatis.org//DTD Mapper 3.0//EN" "http://mybatis.org/dtd/mybatis-3-mapper.dtd">

<mapper namespace="Member">
	<insert id="join" parameterType="memberVO">
		INSERT INTO CAMP_USER 
		VALUES(	#{memberId}, #{memberPw}, #{memberEmail}, #{memberEmailHash}, #{memberEmailChecked})	
	</insert>

	<select id="checkId" parameterType="string" resultType="_int">
        SELECT COUNT(*) FROM CAMP_USER WHERE MEMBERID = #{memberId}
    </select>

	<select id="login" parameterType="map" resultType="_int">
		SELECT COUNT(*) FROM CAMP_USER 
		WHERE MEMBERID = #{id} AND MEMBERPW = #{pw}
	</select>

	<select id="getEmail" parameterType="string" resultType="string">
	SELECT MEMBEREMAIL FROM CAMP_USER WHERE MEMBERID = #{memberId}
	</select>

	<select id="emailChecked" parameterType="string" resultType="_int">
	SELECT MEMBEREMAILCHECKED FROM CAMP_USER WHERE MEMBERID = #{memberId}
	</select>

	<!-- 이메일 코드가 일치하다면 이메일 인증 컬럼값을 0에서 1로 바꿔준다. -->
	<update id="emailCheckUpdate" parameterType="string">
	UPDATE CAMP_USER SET MEMBEREMAILCHECKED = 1 WHERE MEMBERID = #{memberId}
	</update>

	<select id="getId" parameterType="string" resultType="string">
	SELECT MEMBERID FROM CAMP_USER WHERE MEMBEREMAIL = #{memberEmail}
	</select>

	<select id="getPw" parameterType="string" resultType="string">
	SELECT MEMBERPW FROM CAMP_USER WHERE MEMBEREMAIL = #{memberEmail};
	</select>

	<select id="emailFindCheck" parameterType="string" resultType="_int">
	SELECT COUNT(*) FROM CAMP_USER 
	WHERE MEMBEREMAIL = #{email}
	</select>

	<update id="setTempPw" parameterType="memberVO">
	UPDATE CAMP_USER 
	SET MEMBERPW = #{memberPw}
	WHERE MEMBERID = #{memberId}
	</update>


	<select id="emailFindPwCheck" parameterType="string" resultType="_int">
	SELECT MEMBERID, MEMBEREMAIL FROM CAMP_USER 
	WHERE MEMBEREMAIL = #{memberEmail} 
	</select>
	<!--
	WHERE MEMBERID = #{memberId} AND MEMBEREMAIL = #{memberEmail} 
	-->


</mapper>